season,cleaned_team_batting,phase,deliveries,total_runs,wickets,boundaries,fours,sixes,dot_balls,run_rate,balls_played_per_wkt,dot_ball_percentage,boundary_percentage,Six_Rate
2008,CSK,Death,323,548,24,73,46,27,100,10.18,13.46,30.96,22.6,8.36
2008,CSK,Middle,829,1116,30,128,81,47,305,8.08,27.63,36.79,15.44,5.67
2008,CSK,Powerplay,671,801,25,121,109,12,365,7.16,26.84,54.4,18.03,1.79
2008,DC,Death,208,334,21,44,30,14,69,9.63,9.9,33.17,21.15,6.73
2008,DC,Middle,699,900,27,95,75,20,235,7.73,25.89,33.62,13.59,2.86
2008,DC,Powerplay,567,766,25,117,103,14,248,8.11,22.68,43.74,20.63,2.47
2008,KKR,Death,233,438,21,52,23,29,57,11.28,11.1,24.46,22.32,12.45
2008,KKR,Middle,666,791,32,86,56,30,284,7.13,20.81,42.64,12.91,4.5
2008,KKR,Powerplay,534,564,30,83,68,14,317,6.34,17.8,59.36,15.54,2.62
2008,MI,Death,248,383,27,50,32,18,96,9.27,9.19,38.71,20.16,7.26
2008,MI,Middle,711,924,34,111,80,30,282,7.8,20.91,39.66,15.61,4.22
2008,MI,Powerplay,625,773,19,114,85,28,367,7.42,32.89,58.72,18.24,4.48
2008,PBKS,Death,305,504,26,67,43,24,108,9.91,11.73,35.41,21.97,7.87
2008,PBKS,Middle,778,1066,31,129,88,41,288,8.22,25.1,37.02,16.58,5.27
2008,PBKS,Powerplay,606,800,19,119,96,22,280,7.92,31.89,46.2,19.64,3.63
2008,RCB,Death,269,413,28,54,32,22,96,9.21,9.61,35.69,20.07,8.18
2008,RCB,Middle,773,956,46,108,82,26,281,7.42,16.8,36.35,13.97,3.36
2008,RCB,Powerplay,617,614,32,84,73,11,346,5.97,19.28,56.08,13.61,1.78
2008,RR,Death,272,407,23,47,35,12,90,8.98,11.83,33.09,17.28,4.41
2008,RR,Middle,885,1311,38,165,114,51,312,8.89,23.29,35.25,18.64,5.76
2008,RR,Powerplay,704,883,27,132,110,22,365,7.53,26.07,51.85,18.75,3.12
2008,SRH,Death,307,541,41,76,44,32,107,10.57,7.49,34.85,24.76,10.42
2008,SRH,Middle,750,950,31,110,69,41,291,7.6,24.19,38.8,14.67,5.47
2008,SRH,Powerplay,611,738,21,113,92,19,317,7.25,29.1,51.88,18.49,3.11
2009,CSK,Death,310,441,29,51,35,16,107,8.54,10.69,34.52,16.45,5.16
2009,CSK,Middle,720,842,29,74,49,25,262,7.02,24.83,36.39,10.28,3.47
2009,CSK,Powerplay,570,763,20,112,89,23,272,8.03,28.5,47.72,19.65,4.04
2009,DC,Death,291,470,26,58,40,18,97,9.69,11.19,33.33,19.93,6.19
2009,DC,Middle,777,870,22,70,55,15,267,6.72,35.32,34.36,9.01,1.93
2009,DC,Powerplay,612,733,27,102,87,15,301,7.19,22.67,49.18,16.67,2.45
2009,KKR,Death,243,408,15,46,29,17,57,10.07,16.2,23.46,18.93,7.0
2009,KKR,Middle,599,659,27,61,48,13,231,6.6,22.19,38.56,10.18,2.17
2009,KKR,Powerplay,483,461,21,64,50,14,291,5.73,23.0,60.25,13.25,2.9
2009,MI,Death,298,477,28,53,34,19,75,9.6,10.64,25.17,17.79,6.38
2009,MI,Middle,726,849,28,77,57,20,267,7.02,25.93,36.78,10.61,2.75
2009,MI,Powerplay,586,571,26,70,54,15,348,5.85,22.54,59.39,11.95,2.56
2009,PBKS,Death,267,351,20,39,29,10,115,7.89,13.35,43.07,14.61,3.75
2009,PBKS,Middle,613,640,26,51,34,17,246,6.26,23.58,40.13,8.32,2.77
2009,PBKS,Powerplay,493,501,25,60,45,15,274,6.1,19.72,55.58,12.17,3.04
2009,RCB,Death,343,546,28,61,29,32,119,9.55,12.25,34.69,17.78,9.33
2009,RCB,Middle,881,1013,46,100,75,24,339,6.9,19.15,38.48,11.35,2.72
2009,RCB,Powerplay,705,721,32,100,88,11,397,6.14,22.03,56.31,14.18,1.56
2009,RR,Death,235,297,22,33,25,8,85,7.58,10.68,36.17,14.04,3.4
2009,RR,Middle,654,781,37,82,59,23,254,7.17,17.68,38.84,12.54,3.52
2009,RR,Powerplay,528,460,28,61,52,9,334,5.23,18.86,63.26,11.55,1.7
2009,SRH,Death,329,482,35,44,26,18,100,8.79,9.4,30.4,13.37,5.47
2009,SRH,Middle,861,1026,40,94,52,42,326,7.15,21.52,37.86,10.92,4.88
2009,SRH,Powerplay,700,900,26,134,95,39,368,7.71,26.92,52.57,19.14,5.57
2010,CSK,Death,340,549,23,67,43,24,106,9.69,14.78,31.18,19.71,7.06
2010,CSK,Middle,820,1080,33,113,68,44,281,7.9,24.85,34.27,13.78,5.37
2010,CSK,Powerplay,658,830,24,116,92,24,326,7.57,27.42,49.54,17.63,3.65
2010,DC,Death,297,440,20,48,29,19,98,8.89,14.85,33.0,16.16,6.4
2010,DC,Middle,779,882,35,77,58,19,269,6.79,22.26,34.53,9.88,2.44
2010,DC,Powerplay,610,833,33,123,103,20,276,8.19,18.48,45.25,20.16,3.28
2010,KKR,Death,308,466,21,52,30,22,105,9.08,14.67,34.09,16.88,7.14
2010,KKR,Middle,785,946,27,96,70,26,287,7.23,29.07,36.56,12.23,3.31
2010,KKR,Powerplay,623,732,23,114,99,15,353,7.05,27.09,56.66,18.3,2.41
2010,MI,Death,386,718,35,99,65,34,108,11.16,11.03,27.98,25.65,8.81
2010,MI,Middle,888,1100,43,106,73,33,319,7.43,20.65,35.92,11.94,3.72
2010,MI,Powerplay,721,920,24,131,123,8,339,7.66,30.04,47.02,18.17,1.11
2010,PBKS,Death,299,511,21,68,52,16,94,10.25,14.24,31.44,22.74,5.35
2010,PBKS,Middle,720,911,31,96,72,24,227,7.59,23.23,31.53,13.33,3.33
2010,PBKS,Powerplay,571,720,20,110,95,14,290,7.57,28.55,50.79,19.26,2.45
2010,RCB,Death,285,505,23,67,40,27,79,10.63,12.39,27.72,23.51,9.47
2010,RCB,Middle,839,1061,45,106,67,38,282,7.59,18.64,33.61,12.63,4.53
2010,RCB,Powerplay,703,835,18,119,107,12,344,7.13,39.06,48.93,16.93,1.71
2010,RR,Death,279,404,33,48,33,15,96,8.69,8.45,34.41,17.2,5.38
2010,RR,Middle,772,1013,35,113,71,42,280,7.87,22.06,36.27,14.64,5.44
2010,RR,Powerplay,613,762,26,115,98,17,308,7.46,23.58,50.24,18.76,2.77
2010,SRH,Death,345,456,38,49,26,23,133,7.93,9.08,38.55,14.2,6.67
2010,SRH,Middle,890,1087,39,114,80,34,333,7.33,22.82,37.42,12.81,3.82
2010,SRH,Powerplay,708,831,37,118,91,27,376,7.04,19.14,53.11,16.67,3.81
2011,CSK,Death,338,601,28,73,38,35,90,10.67,12.07,26.63,21.6,10.36
2011,CSK,Middle,774,1068,19,119,84,35,221,8.28,40.74,28.55,15.37,4.52
2011,CSK,Powerplay,608,646,19,78,61,16,312,6.38,32.0,51.32,12.83,2.63
2011,DC,Death,305,479,30,63,39,24,121,9.42,10.17,39.67,20.66,7.87
2011,DC,Middle,723,939,34,107,73,34,272,7.79,21.26,37.62,14.8,4.7
2011,DC,Powerplay,574,613,28,85,70,15,331,6.41,20.5,57.67,14.81,2.61
2011,KKR,Death,255,377,24,44,32,12,81,8.87,10.62,31.76,17.25,4.71
2011,KKR,Middle,711,861,22,92,70,22,258,7.27,32.32,36.29,12.94,3.09
2011,KKR,Powerplay,566,635,19,85,75,8,277,6.73,29.79,48.94,15.02,1.41
2011,Kochi Tuskers Kerala,Death,238,337,29,35,21,14,83,8.5,8.21,34.87,14.71,5.88
2011,Kochi Tuskers Kerala,Middle,672,716,30,66,51,15,269,6.39,22.4,40.03,9.82,2.23
2011,Kochi Tuskers Kerala,Powerplay,580,713,24,103,86,17,306,7.38,24.17,52.76,17.76,2.93
2011,MI,Death,343,522,19,64,42,22,113,9.13,18.05,32.94,18.66,6.41
2011,MI,Middle,872,1008,39,108,81,27,342,6.94,22.36,39.22,12.39,3.1
2011,MI,Powerplay,692,758,24,106,98,8,366,6.57,28.83,52.89,15.32,1.16
2011,PBKS,Death,311,407,27,48,36,12,121,7.85,11.52,38.91,15.43,3.86
2011,PBKS,Middle,776,1071,38,130,85,44,287,8.28,20.42,36.98,16.75,5.67
2011,PBKS,Powerplay,618,746,23,116,98,18,340,7.24,26.87,55.02,18.77,2.91
2011,Pune Warriors,Death,251,339,21,35,16,19,99,8.1,11.95,39.44,13.94,7.57
2011,Pune Warriors,Middle,710,831,37,91,61,30,304,7.02,19.19,42.82,12.82,4.23
2011,Pune Warriors,Powerplay,565,605,25,88,77,11,317,6.42,22.6,56.11,15.58,1.95
2011,RCB,Death,280,432,21,53,32,21,94,9.26,13.33,33.57,18.93,7.5
2011,RCB,Middle,819,1103,27,127,82,45,295,8.08,30.33,36.02,15.51,5.49
2011,RCB,Powerplay,657,829,25,124,98,26,336,7.57,26.28,51.14,18.87,3.96
2011,RR,Death,206,262,15,24,19,5,78,7.63,13.73,37.86,11.65,2.43
2011,RR,Middle,681,833,37,91,62,29,257,7.34,18.41,37.74,13.36,4.26
2011,RR,Powerplay,565,592,16,81,72,8,303,6.29,35.31,53.63,14.34,1.42
2011,SRH,Death,340,490,33,52,39,13,92,8.65,10.3,27.06,15.29,3.82
2011,SRH,Middle,768,957,36,98,74,24,244,7.48,21.33,31.77,12.76,3.12
2011,SRH,Powerplay,611,693,18,94,81,11,297,6.81,33.94,48.61,15.38,1.8
2012,CSK,Death,410,704,37,76,40,36,100,10.3,11.08,24.39,18.54,8.78
2012,CSK,Middle,992,1209,43,121,83,38,349,7.31,23.07,35.18,12.2,3.83
2012,CSK,Powerplay,781,918,21,128,100,28,394,7.05,37.19,50.45,16.39,3.59
2012,DC,Death,262,389,24,51,35,16,97,8.91,10.92,37.02,19.47,6.11
2012,DC,Middle,939,1237,40,133,83,49,327,7.9,23.48,34.82,14.16,5.22
2012,DC,Powerplay,778,1019,30,146,114,32,369,7.86,25.93,47.43,18.77,4.11
2012,KKR,Death,360,536,31,62,42,19,118,8.93,11.61,32.78,17.22,5.28
2012,KKR,Middle,915,1084,37,101,73,28,308,7.11,24.73,33.66,11.04,3.06
2012,KKR,Powerplay,748,884,26,117,95,22,360,7.09,28.77,48.13,15.64,2.94
2012,MI,Death,372,547,36,71,45,26,133,8.82,10.33,35.75,19.09,6.99
2012,MI,Middle,938,1138,47,119,82,37,338,7.28,19.96,36.03,12.69,3.94
2012,MI,Powerplay,744,777,24,110,92,17,416,6.27,31.0,55.91,14.78,2.28
2012,PBKS,Death,354,546,34,65,40,24,108,9.25,10.41,30.51,18.36,6.78
2012,PBKS,Middle,881,1088,43,114,85,29,315,7.41,20.49,35.75,12.94,3.29
2012,PBKS,Powerplay,692,756,25,109,101,8,355,6.55,27.68,51.3,15.75,1.16
2012,Pune Warriors,Death,389,547,36,56,32,24,126,8.44,10.81,32.39,14.4,6.17
2012,Pune Warriors,Middle,888,1017,34,90,67,23,311,6.87,26.12,35.02,10.14,2.59
2012,Pune Warriors,Powerplay,698,757,34,97,82,13,348,6.51,20.53,49.86,13.9,1.86
2012,RCB,Death,355,623,29,82,48,34,109,10.53,12.24,30.7,23.1,9.58
2012,RCB,Middle,845,1142,30,123,68,55,286,8.11,28.17,33.85,14.56,6.51
2012,RCB,Powerplay,651,707,24,99,70,29,361,6.52,27.12,55.45,15.21,4.45
2012,RR,Death,372,573,32,73,54,19,120,9.24,11.62,32.26,19.62,5.11
2012,RR,Middle,895,1118,35,115,79,36,321,7.49,25.57,35.87,12.85,4.02
2012,RR,Powerplay,694,825,17,128,113,14,345,7.13,40.82,49.71,18.44,2.02
2012,SRH,Death,338,570,34,70,39,31,100,10.12,9.94,29.59,20.71,9.17
2012,SRH,Middle,828,1015,33,101,71,30,277,7.36,25.09,33.45,12.2,3.62
2012,SRH,Powerplay,648,727,22,95,78,16,312,6.73,29.45,48.15,14.66,2.47
2013,CSK,Death,380,696,22,91,58,33,104,10.99,17.27,27.37,23.95,8.68
2013,CSK,Middle,941,1216,40,120,87,33,287,7.75,23.52,30.5,12.75,3.51
2013,CSK,Powerplay,777,866,28,114,96,18,385,6.69,27.75,49.55,14.67,2.32
2013,DC,Death,323,451,36,55,35,20,123,8.38,8.97,38.08,17.03,6.19
2013,DC,Middle,831,942,37,90,74,15,310,6.8,22.46,37.3,10.83,1.81
2013,DC,Powerplay,658,689,32,98,84,14,372,6.28,20.56,56.53,14.89,2.13
2013,KKR,Death,344,520,32,65,43,21,125,9.07,10.75,36.34,18.9,6.1
2013,KKR,Middle,878,959,41,99,73,26,372,6.55,21.41,42.37,11.28,2.96
2013,KKR,Powerplay,701,811,29,116,106,10,375,6.94,24.17,53.5,16.55,1.43
2013,MI,Death,441,775,38,104,51,53,144,10.54,11.61,32.65,23.58,12.02
2013,MI,Middle,1046,1290,50,143,103,39,368,7.4,20.92,35.18,13.67,3.73
2013,MI,Powerplay,825,910,26,125,99,25,441,6.62,31.73,53.45,15.15,3.03
2013,PBKS,Death,318,488,40,61,35,26,115,9.21,7.95,36.16,19.18,8.18
2013,PBKS,Middle,862,1140,36,125,92,33,297,7.94,23.94,34.45,14.5,3.83
2013,PBKS,Powerplay,686,800,28,123,117,6,340,7.0,24.5,49.56,17.93,0.87
2013,Pune Warriors,Death,367,474,46,58,39,19,147,7.75,7.98,40.05,15.8,5.18
2013,Pune Warriors,Middle,880,1009,39,101,59,42,347,6.88,22.56,39.43,11.48,4.77
2013,Pune Warriors,Powerplay,695,779,26,107,92,15,353,6.73,26.73,50.79,15.4,2.16
2013,RCB,Death,284,553,21,82,51,31,96,11.68,13.52,33.8,28.87,10.92
2013,RCB,Middle,742,1025,24,113,70,43,263,8.29,30.92,35.44,15.23,5.8
2013,RCB,Powerplay,610,711,18,108,85,23,332,6.99,33.89,54.43,17.7,3.77
2013,RR,Death,383,587,24,69,45,24,126,9.2,15.96,32.9,18.02,6.27
2013,RR,Middle,995,1267,48,141,106,35,345,7.64,20.73,34.67,14.17,3.52
2013,RR,Powerplay,779,851,22,127,116,11,417,6.55,35.41,53.53,16.3,1.41
2013,SRH,Death,345,524,28,59,35,24,108,9.11,12.32,31.3,17.1,6.96
2013,SRH,Middle,870,946,41,87,66,21,334,6.52,21.22,38.39,10.0,2.41
2013,SRH,Powerplay,697,698,31,94,88,6,367,6.01,22.48,52.65,13.49,0.86
2014,CSK,Death,349,573,19,64,37,27,106,9.85,18.37,30.37,18.34,7.74
2014,CSK,Middle,882,1152,32,118,73,45,289,7.84,27.56,32.77,13.38,5.1
2014,CSK,Powerplay,692,925,19,135,95,40,332,8.02,36.42,47.98,19.51,5.78
2014,DC,Death,275,482,17,68,45,23,83,10.52,16.18,30.18,24.73,8.36
2014,DC,Middle,717,824,37,77,54,23,248,6.9,19.38,34.59,10.74,3.21
2014,DC,Powerplay,562,632,25,81,68,12,280,6.75,22.48,49.82,14.41,2.14
2014,KKR,Death,277,447,21,57,41,16,79,9.68,13.19,28.52,20.58,5.78
2014,KKR,Middle,811,1098,36,122,80,42,261,8.12,22.53,32.18,15.04,5.18
2014,KKR,Powerplay,658,791,22,108,90,16,318,7.21,29.91,48.33,16.41,2.43
2014,MI,Death,327,466,39,55,32,23,127,8.55,8.38,38.84,16.82,7.03
2014,MI,Middle,818,1099,29,119,77,42,269,8.06,28.21,32.89,14.55,5.13
2014,MI,Powerplay,655,788,22,109,88,21,334,7.22,29.77,50.99,16.64,3.21
2014,PBKS,Death,358,617,27,76,41,35,110,10.34,13.26,30.73,21.23,9.78
2014,PBKS,Middle,938,1370,39,169,110,59,335,8.76,24.05,35.71,18.02,6.29
2014,PBKS,Powerplay,757,1000,29,146,111,33,382,7.93,26.1,50.46,19.29,4.36
2014,RCB,Death,291,499,21,65,35,30,101,10.29,13.86,34.71,22.34,10.31
2014,RCB,Middle,768,1005,31,107,58,49,291,7.85,24.77,37.89,13.93,6.38
2014,RCB,Powerplay,598,589,30,85,72,13,346,5.91,19.93,57.86,14.21,2.17
2014,RR,Death,280,494,25,64,30,34,95,10.59,11.2,33.93,22.86,12.14
2014,RR,Middle,700,867,34,84,51,33,259,7.43,20.59,37.0,12.0,4.71
2014,RR,Powerplay,564,642,24,86,68,18,297,6.83,23.5,52.66,15.25,3.19
2014,SRH,Death,319,498,31,57,31,26,112,9.37,10.29,35.11,17.87,8.15
2014,SRH,Middle,719,861,23,78,43,35,262,7.18,31.26,36.44,10.85,4.87
2014,SRH,Powerplay,572,699,18,100,91,9,286,7.33,31.78,50.0,17.48,1.57
2015,CSK,Death,376,606,34,77,50,27,123,9.67,11.06,32.71,20.48,7.18
2015,CSK,Middle,945,1174,43,125,89,36,347,7.45,21.98,36.72,13.23,3.81
2015,CSK,Powerplay,748,945,27,143,110,33,406,7.58,27.7,54.28,19.12,4.41
2015,DC,Death,273,417,21,49,31,18,88,9.16,13.0,32.23,17.95,6.59
2015,DC,Middle,712,931,29,110,70,40,263,7.85,24.55,36.94,15.45,5.62
2015,DC,Powerplay,576,633,21,90,73,17,313,6.59,27.43,54.34,15.62,2.95
2015,KKR,Death,238,397,24,54,38,16,78,10.01,9.92,32.77,22.69,6.72
2015,KKR,Middle,633,857,32,106,77,29,224,8.12,19.78,35.39,16.75,4.58
2015,KKR,Powerplay,527,689,18,100,85,14,241,7.84,29.28,45.73,18.98,2.66
2015,MI,Death,378,742,30,104,51,53,121,11.78,12.6,32.01,27.51,14.02
2015,MI,Middle,872,1189,30,142,91,51,308,8.18,29.07,35.32,16.28,5.85
2015,MI,Powerplay,704,803,27,116,100,16,372,6.84,26.07,52.84,16.48,2.27
2015,PBKS,Death,270,370,28,39,16,23,99,8.22,9.64,36.67,14.44,8.52
2015,PBKS,Middle,675,797,35,74,46,28,260,7.08,19.29,38.52,10.96,4.15
2015,PBKS,Powerplay,564,645,34,88,70,18,289,6.86,16.59,51.24,15.6,3.19
2015,RCB,Death,220,399,24,59,38,21,76,10.88,9.17,34.55,26.82,9.55
2015,RCB,Middle,614,926,26,113,68,45,197,9.05,23.62,32.08,18.4,7.33
2015,RCB,Powerplay,571,701,18,96,68,28,292,7.37,31.72,51.14,16.81,4.9
2015,RR,Death,275,452,26,55,34,21,69,9.86,10.58,25.09,20.0,7.64
2015,RR,Middle,675,863,32,87,62,25,240,7.67,21.09,35.56,12.89,3.7
2015,RR,Powerplay,519,631,15,86,75,11,238,7.29,34.6,45.86,16.57,2.12
2015,SRH,Death,284,437,26,47,24,23,88,9.23,10.92,30.99,16.55,8.1
2015,SRH,Middle,665,793,27,74,45,29,232,7.15,24.63,34.89,11.13,4.36
2015,SRH,Powerplay,520,669,21,104,90,14,253,7.72,24.76,48.65,20.0,2.69
2016,DC,Death,250,398,21,50,28,22,97,9.55,11.9,38.8,20.0,8.8
2016,DC,Middle,706,939,27,96,65,31,222,7.98,26.15,31.44,13.6,4.39
2016,DC,Powerplay,567,646,23,86,75,10,269,6.84,24.65,47.44,15.17,1.76
2016,GT,Death,316,444,34,51,42,9,114,8.43,9.29,36.08,16.14,2.85
2016,GT,Middle,872,1064,38,114,95,19,292,7.32,22.95,33.49,13.07,2.18
2016,GT,Powerplay,703,942,30,140,105,35,343,8.04,23.43,48.79,19.91,4.98
2016,KKR,Death,281,448,23,56,37,19,83,9.57,12.22,29.54,19.93,6.76
2016,KKR,Middle,775,1005,31,97,64,33,250,7.78,25.0,32.26,12.52,4.26
2016,KKR,Powerplay,606,744,20,98,87,10,250,7.37,30.3,41.25,16.17,1.65
2016,MI,Death,287,460,24,60,38,22,110,9.62,11.96,38.33,20.91,7.67
2016,MI,Middle,776,1063,33,123,70,53,272,8.22,23.52,35.05,15.85,6.83
2016,MI,Powerplay,611,671,27,96,77,18,322,6.59,22.63,52.7,15.71,2.95
2016,PBKS,Death,290,448,31,49,30,19,83,9.27,9.35,28.62,16.9,6.55
2016,PBKS,Middle,721,913,35,94,71,23,234,7.6,20.6,32.45,13.04,3.19
2016,PBKS,Powerplay,561,653,16,86,78,8,266,6.98,35.06,47.42,15.33,1.43
2016,RCB,Death,347,702,24,94,53,41,96,12.14,14.46,27.67,27.09,11.82
2016,RCB,Middle,825,1254,27,143,83,60,220,9.12,30.56,26.67,17.33,7.27
2016,RCB,Powerplay,646,814,17,110,85,25,280,7.56,38.0,43.34,17.03,3.87
2016,Rising Pune Supergiants,Death,246,436,23,52,27,25,73,10.63,10.7,29.67,21.14,10.16
2016,Rising Pune Supergiants,Middle,610,764,22,67,46,21,185,7.51,27.73,30.33,10.98,3.44
2016,Rising Pune Supergiants,Powerplay,472,590,13,87,70,17,214,7.5,36.31,45.34,18.43,3.6
2016,SRH,Death,338,549,30,68,39,29,117,9.75,11.27,34.62,20.12,8.58
2016,SRH,Middle,876,1145,43,133,98,35,312,7.84,20.37,35.62,15.18,4.0
2016,SRH,Powerplay,697,861,16,111,88,22,308,7.41,43.56,44.19,15.93,3.16
2017,DC,Death,283,485,23,64,34,30,93,10.28,12.3,32.86,22.61,10.6
2017,DC,Middle,765,962,44,110,72,38,284,7.55,17.39,37.12,14.38,4.97
2017,DC,Powerplay,602,772,30,115,96,19,281,7.69,20.07,46.68,19.1,3.16
2017,GT,Death,271,426,25,53,36,17,86,9.43,10.84,31.73,19.56,6.27
2017,GT,Middle,706,1008,33,116,75,40,213,8.57,21.39,30.17,16.43,5.67
2017,GT,Powerplay,561,819,19,123,94,29,229,8.76,29.53,40.82,21.93,5.17
2017,KKR,Death,256,327,31,35,21,14,95,7.66,8.26,37.11,13.67,5.47
2017,KKR,Middle,823,1145,24,121,81,40,240,8.35,34.29,29.16,14.7,4.86
2017,KKR,Powerplay,652,964,30,154,124,30,292,8.87,21.73,44.79,23.62,4.6
2017,MI,Death,338,575,26,71,35,36,112,10.21,13.0,33.14,21.01,10.65
2017,MI,Middle,881,1152,43,131,81,50,332,7.85,20.49,37.68,14.87,5.68
2017,MI,Powerplay,708,909,27,121,92,28,330,7.7,26.22,46.61,17.09,3.95
2017,PBKS,Death,269,398,25,44,27,17,89,8.88,10.76,33.09,16.36,6.32
2017,PBKS,Middle,722,1033,32,120,65,55,249,8.58,22.56,34.49,16.62,7.62
2017,PBKS,Powerplay,612,776,26,113,97,16,276,7.61,23.54,45.1,18.46,2.61
2017,RCB,Death,289,422,31,48,22,26,111,8.76,9.32,38.41,16.61,9.0
2017,RCB,Middle,685,809,37,72,42,30,234,7.09,18.51,34.16,10.51,4.38
2017,RCB,Powerplay,562,614,29,88,69,19,301,6.56,19.38,53.56,15.66,3.38
2017,Rising Pune Supergiants,Death,348,555,32,66,37,29,119,9.57,10.88,34.2,18.97,8.33
2017,Rising Pune Supergiants,Middle,855,1038,33,107,70,37,294,7.28,25.91,34.39,12.51,4.33
2017,Rising Pune Supergiants,Powerplay,697,877,25,113,90,23,288,7.55,27.88,41.32,16.21,3.3
2017,SRH,Death,275,480,20,62,45,17,66,10.47,13.75,24.0,22.55,6.18
2017,SRH,Middle,722,987,24,108,81,27,218,8.2,30.08,30.19,14.96,3.74
2017,SRH,Powerplay,560,754,11,107,85,21,241,8.08,50.91,43.04,19.11,3.75
2018,CSK,Death,365,690,18,91,49,42,90,11.34,20.28,24.66,24.93,11.51
2018,CSK,Middle,902,1218,35,133,72,61,305,8.1,25.77,33.81,14.75,6.76
2018,CSK,Powerplay,690,901,24,134,90,42,330,7.83,28.75,47.83,19.42,6.09
2018,DC,Death,278,540,11,70,30,40,79,11.65,25.27,28.42,25.18,14.39
2018,DC,Middle,654,886,31,99,57,42,207,8.13,21.1,31.65,15.14,6.42
2018,DC,Powerplay,523,661,23,95,76,18,237,7.58,22.74,45.32,18.16,3.44
2018,KKR,Death,322,525,30,74,45,29,121,9.78,10.73,37.58,22.98,9.01
2018,KKR,Middle,829,1100,40,133,86,47,309,7.96,20.72,37.27,16.04,5.67
2018,KKR,Powerplay,647,943,27,150,101,49,304,8.74,23.96,46.99,23.18,7.57
2018,MI,Death,339,522,27,65,35,30,133,9.24,12.56,39.23,19.17,8.85
2018,MI,Middle,781,1092,41,138,91,46,288,8.39,19.05,36.88,17.67,5.89
2018,MI,Powerplay,610,766,21,110,78,31,313,7.53,29.05,51.31,18.03,5.08
2018,PBKS,Death,278,436,27,52,33,19,96,9.41,10.3,34.53,18.71,6.83
2018,PBKS,Middle,713,897,42,83,43,40,229,7.55,16.98,32.12,11.64,5.61
2018,PBKS,Powerplay,557,751,23,117,80,37,267,8.09,24.22,47.94,21.01,6.64
2018,RCB,Death,299,535,25,67,31,35,90,10.74,11.96,30.1,22.41,11.71
2018,RCB,Middle,724,963,43,108,61,47,254,7.98,16.84,35.08,14.92,6.49
2018,RCB,Powerplay,598,824,18,125,101,24,250,8.27,33.22,41.81,20.9,4.01
2018,RR,Death,295,434,33,47,24,23,99,8.83,8.94,33.56,15.93,7.8
2018,RR,Middle,717,886,35,84,65,19,220,7.41,20.49,30.68,11.72,2.65
2018,RR,Powerplay,564,738,21,103,86,17,236,7.85,26.86,41.84,18.26,3.01
2018,SRH,Death,387,562,38,65,35,30,147,8.71,10.18,37.98,16.8,7.75
2018,SRH,Middle,944,1253,33,137,98,39,297,7.96,28.61,31.46,14.51,4.13
2018,SRH,Powerplay,743,906,28,126,107,19,331,7.32,26.54,44.55,16.96,2.56
2019,CSK,Death,373,586,24,66,34,32,131,9.43,15.54,35.12,17.69,8.58
2019,CSK,Middle,949,1112,33,112,78,34,347,7.03,28.76,36.56,11.8,3.58
2019,CSK,Powerplay,728,775,31,117,93,23,404,6.39,23.48,55.49,16.07,3.16
2019,DC,Death,301,477,37,62,32,30,113,9.51,8.14,37.54,20.6,9.97
2019,DC,Middle,834,999,43,107,80,27,310,7.19,19.4,37.17,12.83,3.24
2019,DC,Powerplay,645,858,21,128,104,24,275,7.98,30.71,42.64,19.84,3.72
2019,KKR,Death,292,567,17,80,30,50,102,11.65,17.18,34.93,27.4,17.12
2019,KKR,Middle,720,994,34,122,62,59,295,8.28,21.18,40.97,16.94,8.19
2019,KKR,Powerplay,555,720,19,112,86,25,274,7.78,29.21,49.37,20.18,4.5
2019,MI,Death,344,615,27,87,48,39,132,10.73,12.74,38.37,25.29,11.34
2019,MI,Middle,833,1088,39,124,82,42,289,7.84,21.36,34.69,14.89,5.04
2019,MI,Powerplay,640,796,21,113,85,28,294,7.46,30.48,45.94,17.66,4.38
2019,PBKS,Death,332,512,30,63,44,19,107,9.25,11.07,32.23,18.98,5.72
2019,PBKS,Middle,780,1109,28,123,73,50,245,8.53,27.86,31.41,15.77,6.41
2019,PBKS,Powerplay,606,808,16,122,80,41,296,8.0,37.88,48.84,20.13,6.77
2019,RCB,Death,301,497,28,65,37,28,111,9.91,10.75,36.88,21.59,9.3
2019,RCB,Middle,713,931,25,101,56,45,231,7.83,28.52,32.4,14.17,6.31
2019,RCB,Powerplay,561,718,24,104,87,17,247,7.68,23.38,44.03,18.54,3.03
2019,RR,Death,307,476,29,56,36,20,101,9.3,10.59,32.9,18.24,6.51
2019,RR,Middle,728,929,28,100,79,21,244,7.66,26.0,33.52,13.74,2.88
2019,RR,Powerplay,558,748,18,109,88,21,246,8.04,31.0,44.09,19.53,3.76
2019,SRH,Death,272,428,29,49,30,19,84,9.44,9.38,30.88,18.01,6.99
2019,SRH,Middle,770,999,34,90,54,36,229,7.78,22.65,29.74,11.69,4.68
2019,SRH,Powerplay,609,861,13,121,98,21,255,8.48,46.85,41.87,19.87,3.45
2020,CSK,Death,314,559,20,74,46,28,90,10.68,15.7,28.66,23.57,8.92
2020,CSK,Middle,780,963,24,99,73,26,254,7.41,32.5,32.56,12.69,3.33
2020,CSK,Powerplay,605,669,23,90,69,21,317,6.63,26.3,52.4,14.88,3.47
2020,DC,Death,390,589,31,65,40,25,129,9.06,12.58,33.08,16.67,6.41
2020,DC,Middle,891,1179,37,119,79,40,257,7.94,24.08,28.84,13.36,4.49
2020,DC,Powerplay,696,852,29,123,105,18,319,7.34,24.0,45.83,17.67,2.59
2020,KKR,Death,315,520,25,70,45,25,109,9.9,12.6,34.6,22.22,7.94
2020,KKR,Middle,721,893,43,99,62,37,281,7.43,16.77,38.97,13.73,5.13
2020,KKR,Powerplay,564,643,23,93,74,19,293,6.84,24.52,51.95,16.49,3.37
2020,MI,Death,268,526,18,74,36,38,78,11.78,14.89,29.1,27.61,14.18
2020,MI,Middle,738,1006,30,117,71,46,243,8.18,24.6,32.93,15.85,6.23
2020,MI,Powerplay,607,826,15,122,94,28,274,8.16,40.47,45.14,20.1,4.61
2020,PBKS,Death,267,417,20,52,28,24,98,9.37,13.35,36.7,19.48,8.99
2020,PBKS,Middle,671,903,26,96,57,39,223,8.07,25.81,33.23,14.31,5.81
2020,PBKS,Powerplay,520,682,12,89,68,21,213,7.87,43.33,40.96,17.12,4.04
2020,RCB,Death,302,481,24,54,32,22,92,9.56,12.58,30.46,17.88,7.28
2020,RCB,Middle,771,889,32,73,49,24,264,6.92,24.09,34.24,9.47,3.11
2020,RCB,Powerplay,617,707,20,88,78,10,279,6.88,30.85,45.22,14.26,1.62
2020,RR,Death,294,508,23,68,35,33,98,10.37,12.78,33.33,23.13,11.22
2020,RR,Middle,780,1023,37,100,55,45,259,7.87,21.08,33.21,12.82,5.77
2020,RR,Powerplay,607,757,30,109,81,27,294,7.48,20.23,48.43,17.96,4.45
2020,SRH,Death,318,455,34,55,39,16,119,8.58,9.35,37.42,17.3,5.03
2020,SRH,Middle,828,1076,28,103,68,35,261,7.8,29.57,31.52,12.44,4.23
2020,SRH,Powerplay,659,835,17,114,88,26,311,7.6,38.76,47.19,17.3,3.95
2021,CSK,Death,365,699,21,99,58,41,111,11.49,17.38,30.41,27.12,11.23
2021,CSK,Middle,895,1192,42,130,81,49,306,7.99,21.31,34.19,14.53,5.47
2021,CSK,Powerplay,689,842,18,118,93,25,322,7.33,38.28,46.73,17.13,3.63
2021,DC,Death,311,496,17,60,44,16,96,9.57,18.29,30.87,19.29,5.14
2021,DC,Middle,836,1023,35,105,79,26,281,7.34,23.89,33.61,12.56,3.11
2021,DC,Powerplay,644,809,22,114,93,21,279,7.54,29.27,43.32,17.7,3.26
2021,KKR,Death,342,451,36,50,31,19,152,7.91,9.5,44.44,14.62,5.56
2021,KKR,Middle,901,1205,45,140,84,56,330,8.02,20.02,36.63,15.54,6.22
2021,KKR,Powerplay,738,903,24,128,105,23,337,7.34,30.75,45.66,17.34,3.12
2021,MI,Death,302,432,40,57,38,19,130,8.58,7.55,43.05,18.87,6.29
2021,MI,Middle,736,905,36,93,60,33,261,7.38,20.44,35.46,12.64,4.48
2021,MI,Powerplay,603,780,19,107,83,24,262,7.76,31.74,43.45,17.74,3.98
2021,PBKS,Death,305,453,25,54,32,22,107,8.91,12.2,35.08,17.7,7.21
2021,PBKS,Middle,763,1003,36,104,53,51,258,7.89,21.19,33.81,13.63,6.68
2021,PBKS,Powerplay,608,694,20,90,70,20,282,6.85,30.4,46.38,14.8,3.29
2021,RCB,Death,330,526,28,67,42,25,118,9.56,11.79,35.76,20.3,7.58
2021,RCB,Middle,835,984,39,98,64,34,314,7.07,21.41,37.6,11.74,4.07
2021,RCB,Powerplay,658,793,23,104,84,20,305,7.23,28.61,46.35,15.81,3.04
2021,RR,Death,313,421,28,45,22,23,128,8.07,11.18,40.89,14.38,7.35
2021,RR,Middle,789,1031,40,119,76,43,294,7.84,19.73,37.26,15.08,5.45
2021,RR,Powerplay,600,744,27,113,89,24,296,7.44,22.22,49.33,18.83,4.0
2021,SRH,Death,309,403,34,46,30,16,117,7.83,9.09,37.86,14.89,5.18
2021,SRH,Middle,726,829,33,68,40,28,260,6.85,22.0,35.81,9.37,3.86
2021,SRH,Powerplay,567,686,18,89,67,21,279,7.26,31.5,49.21,15.7,3.7
2022,CSK,Death,322,517,29,63,36,27,112,9.63,11.1,34.78,19.57,8.39
2022,CSK,Middle,786,1058,33,124,73,51,287,8.08,23.82,36.51,15.78,6.49
2022,CSK,Powerplay,611,713,26,100,75,25,321,7.0,23.5,52.54,16.37,4.09
2022,DC,Death,283,487,16,64,31,33,100,10.33,17.69,35.34,22.61,11.66
2022,DC,Middle,758,994,41,111,66,45,293,7.87,18.49,38.65,14.64,5.94
2022,DC,Powerplay,609,860,24,136,108,28,282,8.47,25.38,46.31,22.33,4.6
2022,GT,Death,384,648,26,84,54,30,115,10.12,14.77,29.95,21.88,7.81
2022,GT,Middle,889,1164,32,124,92,32,276,7.86,27.78,31.05,13.95,3.6
2022,GT,Powerplay,698,851,24,121,104,17,333,7.32,29.08,47.71,17.34,2.44
2022,KKR,Death,254,416,25,57,30,27,106,9.83,10.16,41.73,22.44,10.63
2022,KKR,Middle,770,1117,46,136,70,66,299,8.7,16.74,38.83,17.66,8.57
2022,KKR,Powerplay,610,690,33,97,77,20,326,6.79,18.48,53.44,15.9,3.28
2022,LSG,Death,368,643,25,80,39,41,123,10.48,14.72,33.42,21.74,11.14
2022,LSG,Middle,826,1153,39,126,79,47,263,8.38,21.18,31.84,15.25,5.69
2022,LSG,Powerplay,646,752,25,97,70,27,316,6.98,25.84,48.92,15.02,4.18
2022,MI,Death,312,536,30,70,32,38,125,10.31,10.4,40.06,22.44,12.18
2022,MI,Middle,768,953,43,100,61,39,286,7.45,17.86,37.24,13.02,5.08
2022,MI,Powerplay,611,728,21,103,80,23,312,7.15,29.1,51.06,16.86,3.76
2022,PBKS,Death,301,452,29,62,34,28,140,9.01,10.38,46.51,20.6,9.3
2022,PBKS,Middle,798,1028,43,120,72,48,331,7.73,18.56,41.48,15.04,6.02
2022,PBKS,Powerplay,613,863,27,128,94,34,287,8.45,22.7,46.82,20.88,5.55
2022,RCB,Death,353,605,28,84,52,32,129,10.28,12.61,36.54,23.8,9.07
2022,RCB,Middle,911,1215,41,134,82,52,334,8.0,22.22,36.66,14.71,5.71
2022,RCB,Powerplay,701,812,29,106,88,18,368,6.95,24.17,52.5,15.12,2.57
2022,RR,Death,424,727,36,92,49,43,136,10.29,11.78,32.08,21.7,10.14
2022,RR,Middle,947,1225,41,140,87,53,355,7.76,23.1,37.49,14.78,5.6
2022,RR,Powerplay,736,991,20,156,115,41,372,8.08,36.8,50.54,21.2,5.57
2022,SRH,Death,288,483,29,65,38,27,104,10.06,9.93,36.11,22.57,9.38
2022,SRH,Middle,731,1019,31,108,54,54,236,8.36,23.58,32.28,14.77,7.39
2022,SRH,Powerplay,604,695,20,94,78,16,300,6.9,30.2,49.67,15.56,2.65
2023,CSK,Death,330,582,25,70,31,39,100,10.58,13.2,30.3,21.21,11.82
2023,CSK,Middle,774,1080,39,117,63,54,239,8.37,19.85,30.88,15.12,6.98
2023,CSK,Powerplay,606,879,10,122,92,30,238,8.7,60.6,39.27,20.13,4.95
2023,DC,Death,328,443,30,49,32,17,123,8.1,10.93,37.5,14.94,5.18
2023,DC,Middle,783,941,44,100,70,30,291,7.21,17.8,37.16,12.77,3.83
2023,DC,Powerplay,607,798,30,128,108,20,297,7.89,20.23,48.93,21.09,3.29
2023,GT,Death,348,649,25,82,33,49,106,11.19,13.92,30.46,23.56,14.08
2023,GT,Middle,881,1249,32,134,84,50,251,8.51,27.53,28.49,15.21,5.68
2023,GT,Powerplay,699,942,25,137,121,16,310,8.09,27.96,44.35,19.6,2.29
2023,KKR,Death,324,530,29,72,37,35,130,9.81,11.17,40.12,22.22,10.8
2023,KKR,Middle,734,1040,34,123,69,54,252,8.5,21.59,34.33,16.76,7.36
2023,KKR,Powerplay,571,747,27,112,83,29,294,7.85,21.15,51.49,19.61,5.08
2023,LSG,Death,317,502,30,60,35,25,119,9.5,10.57,37.54,18.93,7.89
2023,LSG,Middle,783,1077,41,120,60,60,295,8.25,19.1,37.68,15.33,7.66
2023,LSG,Powerplay,614,775,25,109,82,26,305,7.57,24.56,49.67,17.75,4.23
2023,MI,Death,341,578,28,76,45,31,120,10.17,12.18,35.19,22.29,9.09
2023,MI,Middle,891,1361,41,177,111,66,294,9.16,21.73,33.0,19.87,7.41
2023,MI,Powerplay,693,1006,25,152,109,43,296,8.71,27.72,42.71,21.93,6.2
2023,PBKS,Death,323,590,31,79,39,40,120,10.96,10.42,37.15,24.46,12.38
2023,PBKS,Middle,729,1013,32,123,77,46,272,8.34,22.78,37.31,16.87,6.31
2023,PBKS,Powerplay,577,762,31,116,94,22,290,7.92,18.61,50.26,20.1,3.81
2023,RCB,Death,312,499,27,63,38,25,106,9.6,11.56,33.97,20.19,8.01
2023,RCB,Middle,784,1129,40,120,68,52,239,8.64,19.6,30.48,15.31,6.63
2023,RCB,Powerplay,597,874,13,126,96,30,214,8.78,45.92,35.85,21.11,5.03
2023,RR,Death,286,530,24,74,44,30,89,11.12,11.92,31.12,25.87,10.49
2023,RR,Middle,735,983,40,105,56,49,264,8.02,18.38,35.92,14.29,6.67
2023,RR,Powerplay,612,906,20,148,115,33,293,8.88,30.6,47.88,24.18,5.39
2023,SRH,Death,335,539,29,70,44,26,116,9.65,11.55,34.63,20.9,7.76
2023,SRH,Middle,783,1067,33,117,76,41,240,8.18,23.73,30.65,14.94,5.24
2023,SRH,Powerplay,610,770,28,113,96,17,281,7.57,21.79,46.07,18.52,2.79
2024,CSK,Death,332,608,20,83,42,41,118,10.99,16.6,35.54,25.0,12.35
2024,CSK,Middle,781,1072,37,115,72,43,247,8.24,21.11,31.63,14.72,5.51
2024,CSK,Powerplay,606,844,20,118,95,23,235,8.36,30.3,38.78,19.47,3.8
2024,DC,Death,289,523,23,71,40,31,86,10.86,12.57,29.76,24.57,10.73
2024,DC,Middle,736,1024,40,122,73,49,260,8.35,18.4,35.33,16.58,6.66
2024,DC,Powerplay,616,1026,31,172,116,55,287,9.99,19.87,46.59,27.92,8.93
2024,GT,Death,275,465,25,66,46,20,101,10.15,11.0,36.73,24.0,7.27
2024,GT,Middle,672,931,37,104,73,31,205,8.31,18.16,30.51,15.48,4.61
2024,GT,Powerplay,526,644,17,81,64,17,233,7.35,30.94,44.3,15.4,3.23
2024,KKR,Death,225,432,23,61,32,29,85,11.52,9.78,37.78,27.11,12.89
2024,KKR,Middle,753,1201,26,156,93,63,254,9.57,28.96,33.73,20.72,8.37
2024,KKR,Powerplay,616,1034,27,162,113,49,286,10.07,22.81,46.43,26.3,7.95
2024,LSG,Death,320,531,21,70,48,22,117,9.96,15.24,36.56,21.88,6.88
2024,LSG,Middle,799,1158,37,127,75,52,240,8.7,21.59,30.04,15.89,6.51
2024,LSG,Powerplay,609,794,26,112,83,28,278,7.82,23.42,45.65,18.39,4.6
2024,MI,Death,291,514,31,65,28,37,111,10.6,9.39,38.14,22.34,12.71
2024,MI,Middle,780,1144,38,146,95,51,264,8.8,20.53,33.85,18.72,6.54
2024,MI,Powerplay,615,910,27,137,92,45,300,8.88,22.78,48.78,22.28,7.32
2024,PBKS,Death,306,514,21,64,34,30,105,10.08,14.57,34.31,20.92,9.8
2024,PBKS,Middle,782,1130,45,135,68,67,285,8.67,17.38,36.45,17.26,8.57
2024,PBKS,Powerplay,605,843,26,134,111,23,267,8.36,23.27,44.13,22.15,3.8
2024,RCB,Death,338,611,37,84,41,43,130,10.85,9.14,38.46,24.85,12.72
2024,RCB,Middle,834,1326,38,161,85,76,265,9.54,21.95,31.77,19.3,9.11
2024,RCB,Powerplay,646,993,24,149,103,46,260,9.22,26.92,40.25,23.07,7.12
2024,RR,Death,329,560,25,74,42,32,116,10.21,13.16,35.26,22.49,9.73
2024,RR,Middle,841,1220,33,142,81,60,263,8.7,25.48,31.27,16.88,7.13
2024,RR,Powerplay,662,867,23,133,113,20,310,7.86,28.78,46.83,20.09,3.02
2024,SRH,Death,348,615,27,77,35,42,115,10.6,12.89,33.05,22.13,12.07
2024,SRH,Middle,868,1217,45,129,61,68,299,8.41,19.29,34.45,14.86,7.83
2024,SRH,Powerplay,703,1220,33,189,121,68,273,10.41,21.3,38.83,26.88,9.67
2025,CSK,Death,348,545,26,65,31,34,125,9.4,13.38,35.92,18.68,9.77
2025,CSK,Middle,785,1052,37,110,63,47,261,8.04,21.22,33.25,14.01,5.99
2025,CSK,Powerplay,610,848,32,127,105,22,268,8.34,19.06,43.93,20.82,3.61
2025,DC,Death,226,399,24,55,32,23,69,10.59,9.42,30.53,24.34,10.18
2025,DC,Middle,664,1022,27,127,78,49,185,9.23,24.59,27.86,19.13,7.38
2025,DC,Powerplay,522,743,25,109,83,26,219,8.54,20.88,41.95,20.88,4.98
2025,GT,Death,330,560,37,69,30,39,116,10.18,8.92,35.15,20.91,11.82
2025,GT,Middle,847,1350,27,171,117,54,230,9.56,31.37,27.15,20.19,6.38
2025,GT,Powerplay,655,977,14,141,109,31,242,8.95,46.79,36.95,21.53,4.73
2025,KKR,Death,207,372,20,58,36,22,83,10.78,10.35,40.1,28.02,10.63
2025,KKR,Middle,632,820,39,93,58,34,240,7.78,16.21,37.97,14.72,5.38
2025,KKR,Powerplay,526,794,23,123,78,45,252,9.06,22.87,47.91,23.38,8.56
2025,LSG,Death,338,559,28,74,41,33,124,9.92,12.07,36.69,21.89,9.76
2025,LSG,Middle,795,1229,36,157,91,66,269,9.28,22.08,33.84,19.75,8.3
2025,LSG,Powerplay,608,941,18,139,86,53,265,9.29,33.78,43.59,22.86,8.72
2025,MI,Death,307,568,27,81,47,34,94,11.1,11.37,30.62,26.38,11.07
2025,MI,Middle,875,1302,36,167,107,60,288,8.93,24.31,32.91,19.09,6.86
2025,MI,Powerplay,699,1037,23,155,106,49,303,8.9,30.39,43.35,22.17,7.01
2025,PBKS,Death,293,586,17,83,43,40,88,12.0,17.24,30.03,28.33,13.65
2025,PBKS,Middle,856,1287,44,158,85,73,291,9.02,19.45,34.0,18.46,8.53
2025,PBKS,Powerplay,693,1062,37,158,109,49,294,9.19,18.73,42.42,22.8,7.07
2025,RCB,Death,274,487,24,70,33,37,109,10.66,11.42,39.78,25.55,13.5
2025,RCB,Middle,788,1160,34,141,91,50,241,8.83,23.18,30.58,17.89,6.35
2025,RCB,Powerplay,650,1005,24,153,115,38,264,9.28,27.08,40.62,23.54,5.85
2025,RR,Death,260,425,26,51,24,27,91,9.81,10.0,35.0,19.62,10.38
2025,RR,Middle,723,1049,40,125,71,54,242,8.71,18.08,33.47,17.29,7.47
2025,RR,Powerplay,563,937,21,155,101,54,245,9.99,26.81,43.52,27.53,9.59
2025,SRH,Death,268,495,24,65,37,28,75,11.08,11.17,27.99,24.25,10.45
2025,SRH,Middle,742,1115,35,134,78,56,242,9.02,21.2,32.61,18.06,7.55
2025,SRH,Powerplay,586,906,24,140,104,36,261,9.28,24.42,44.54,23.89,6.14
